Product code;Language;Vendor;Product id;Category
"H96ATBLX";"en";"SCT";"1027";""
"";"ar";"";"";""
"";"en";"demo";"1044";"MOBILE & TABLET///Mobile devices"
"";"ar";"";"";"موبايلات و تابلت///أجهزة موبايل"
"";"en";"demo";"1055";""
"";"ar";"";"";""
"";"en";"Acme Corporation";"1056";""
"";"ar";"";"";""
"";"en";"demo";"1060";""
"";"ar";"";"";""
"";"en";"demo";"1064";""
"";"ar";"";"";""
"";"en";"H2";"1088";""
"";"ar";"";"";""
"";"en";"H2";"1089";""
"";"ar";"";"";""
"";"en";"H2";"1090";""
"";"ar";"";"";""
"";"en";"H2";"1092";""
"";"ar";"";"";""
"";"en";"H2";"1258";""
"";"ar";"";"";""
"";"en";"H2";"1462";""
"";"ar";"";"";""
"";"en";"H2";"1472";""
"";"ar";"";"";""
"";"en";"H2";"1473";""
"";"ar";"";"";""
"";"en";"H2";"2112";""
"";"ar";"";"";"""";"en";"H2";"2230";""
"";"ar";"";"";""
"";"";"";"";""
"";"ar";"Mobiz";"2584";"اجهزة شبكات"
"";"en";"Mobiz";"2584";"NETWORKING"
"";"";"";"";""
"";"en";"EL-Mokhtar";"2587";"NETWORKING"
"";"ar";"";"";"اجهزة شبكات"
"";"en";"EL-Mokhtar";"2588";"NETWORKING"
"";"ar";"";"";"اجهزة شبكات"
"";"en";"EL-Mokhtar";"2590";"NETWORKING"
"";"ar";"";"";"اجهزة شبكات"
"";"en";"EL-Mokhtar";"2591";"NETWORKING"
"";"ar";"";"";"اجهزة شبكات"
"";"en";"EL-Mokhtar";"2592";"MOBILE & TABLET///Mobile devices"
"";"ar";"";"";"موبايلات و تابلت///أجهزة موبايل"
"";"en";"EL-Mokhtar";"2593";"MOBILE & TABLET///Mobile devices"
"";"ar";"";"";"موبايلات و تابلت///أجهزة موبايل"
"";"";"";"";""
"";"ar";"Mobiz";"2594";"موبايلات و تابلت"
"";"en";"Mobiz";"2594";"MOBILE & TABLET"
"";"";"";"";""
"";"en";"EL-Mokhtar";"2595";"SMALL HOME APPLIANCES "
"";"ar";"";"";"اجهزة منزلية صغيرة"
"";"en";"EL-Mokhtar";"2596";"MOBILE & TABLET"
"";"ar";"";"";"موبايلات و تابلت"
"";"en";"EL-Mokhtar";"2597";"MOBILE & TABLET///Mobile devices"
"";"ar";"";"";"موبايلات و تابلت///أجهزة موبايل"
"";"";"";"";""
"";"ar";"EL-Mokhtar";"2598";"موبايلات و تابلت""";"en";"EL-Mokhtar";"2598";"MOBILE & TABLET"
"";"";"";"";""
"";"en";"EL-Mokhtar";"2599";"Computers  & Accessories "
"";"ar";"";"";"الكمبيوتر و ملحقاته"
"";"en";"EL-Mokhtar";"2600";"Computers  & Accessories ///Laptop"
"";"ar";"";"";"الكمبيوتر و ملحقاته///لاب توب"
"";"en";"EL-Mokhtar";"2601";"Computers  & Accessories "
"";"ar";"";"";"الكمبيوتر و ملحقاته"
"";"en";"EL-Mokhtar";"2602";"Watches & Accessories "
"";"ar";"";"";"ساعات و اكسسوارات"
"";"en";"EL-Mokhtar";"2603";"Watches & Accessories ///watches"
"";"ar";"";"";"ساعات و اكسسوارات///ساعات"
"";"en";"EL-Mokhtar";"2604";"Watches & Accessories ///watches"
"";"ar";"";"";"ساعات و اكسسوارات///ساعات"
"";"en";"EL-Mokhtar";"2605";"CAMERAS & PHOTOS"
"";"ar";"";"";"كاميرات تصوير"
"";"en";"EL-Mokhtar";"2606";"CAMERAS & PHOTOS"
"";"ar";"";"";"كاميرات تصوير"
"";"en";"EL-Mokhtar";"2607";"HOME APPLIANCES"
"";"ar";"";"";"الاجهزة المنزلية"
"";"en";"EL-Mokhtar";"2608";"MOBILE & TABLET///Mobile devices"
"";"ar";"";"";"موبايلات و تابلت///أجهزة موبايل"
"";"en";"EL-Mokhtar";"2609";"Toys ///Bicycle"
"";"ar";"";"";"العاب الاطفال///عجل"
"";"en";"EL-Mokhtar";"2610";"Toys "
"";"ar";"";"";"العاب الاطفال"
"";"en";"EL-Mokhtar";"2611";"Toys "
"";"ar";"";"";"العاب الاطفال"
"";"en";"EL-Mokhtar";"2612";"Toys "
"";"ar";"";"";"العاب الاطفال""";"en";"EL-Mokhtar";"2613";"Toys "
"";"ar";"";"";"العاب الاطفال"
"";"en";"EL-Mokhtar";"2614";"Toys "
"";"ar";"";"";"العاب الاطفال"
"";"en";"EL-Mokhtar";"2615";"Toys "
"";"ar";"";"";"العاب الاطفال"
"";"en";"EL-Mokhtar";"2616";"Toys ///Bicycle"
"";"ar";"";"";"العاب الاطفال///عجل"
"";"en";"EL-Mokhtar";"2617";"Toys ///Bicycle"
"";"ar";"";"";"العاب الاطفال///عجل"
"";"en";"EL-Mokhtar";"2618";"Toys ///Bicycle"
"";"ar";"";"";"العاب الاطفال///عجل"
"";"en";"EL-Mokhtar";"2620";"CAMERAS & PHOTOS"
"";"ar";"";"";"كاميرات تصوير"
"";"en";"EL-Mokhtar";"2621";"SMALL HOME APPLIANCES "
"";"ar";"";"";"اجهزة منزلية صغيرة"
"";"en";"EL-Mokhtar";"2622";"SMALL HOME APPLIANCES ///Electric oven "
"";"ar";"";"";"اجهزة منزلية صغيرة///افران كهربائيه"
"";"en";"EL-Mokhtar";"2623";"SMALL HOME APPLIANCES "
"";"ar";"";"";"اجهزة منزلية صغيرة"
"";"en";"EL-Mokhtar";"2624";"SMALL HOME APPLIANCES ///Electric oven "
"";"ar";"";"";"اجهزة منزلية صغيرة///افران كهربائيه"
"";"en";"EL-Mokhtar";"2625";"SMALL HOME APPLIANCES "
"";"ar";"";"";"اجهزة منزلية صغيرة"
"";"en";"EL-Mokhtar";"2626";"SMALL HOME APPLIANCES ///Electric oven "
"";"ar";"";"";"اجهزة منزلية صغيرة///افران كهربائيه"
"";"en";"EL-Mokhtar";"2627";"Toys "
"";"ar";"";"";"العاب الاطفال"
"";"en";"EL-Mokhtar";"2628";"Toys "
"";"ar";"";"";"العاب الاطفال""";"en";"EL-Mokhtar";"2629";"kitchen ware"
"";"ar";"";"";"ادوات المطبخ"
"";"en";"EL-Mokhtar";"2630";"kitchen ware///cookware set"
"";"ar";"";"";"ادوات المطبخ///اواني الطهي "
"";"en";"EL-Mokhtar";"2631";"kitchen ware///cookware set"
"";"ar";"";"";"ادوات المطبخ///اواني الطهي "
"";"en";"EL-Mokhtar";"2632";"kitchen ware///cookware set"
"";"ar";"";"";"ادوات المطبخ///اواني الطهي "
"";"en";"EL-Mokhtar";"2633";"kitchen ware///cookware set"
"";"ar";"";"";"ادوات المطبخ///اواني الطهي "
"";"en";"EL-Mokhtar";"2634";"kitchen ware///cookware set"
"";"ar";"";"";"ادوات المطبخ///اواني الطهي "
"";"en";"EL-Mokhtar";"2635";"kitchen ware///cookware set"
"";"ar";"";"";"ادوات المطبخ///اواني الطهي "
"";"en";"EL-Mokhtar";"2636";"kitchen ware///cookware set"
"";"ar";"";"";"ادوات المطبخ///اواني الطهي "
"";"en";"EL-Mokhtar";"2637";"SMALL HOME APPLIANCES ///microwave"
"";"ar";"";"";"اجهزة منزلية صغيرة///ميكروويف"
"";"en";"EL-Mokhtar";"2638";"SMALL HOME APPLIANCES ///microwave"
"";"ar";"";"";"اجهزة منزلية صغيرة///ميكروويف"
"";"en";"EL-Mokhtar";"2639";"SMALL HOME APPLIANCES ///microwave"
"";"ar";"";"";"اجهزة منزلية صغيرة///ميكروويف"
"";"en";"EL-Mokhtar";"2640";"SMALL HOME APPLIANCES ///microwave"
"";"ar";"";"";"اجهزة منزلية صغيرة///ميكروويف"
"";"en";"EL-Mokhtar";"2641";"SMALL HOME APPLIANCES ///microwave"
"";"ar";"";"";"اجهزة منزلية صغيرة///ميكروويف"
"";"en";"EL-Mokhtar";"2642";"SMALL HOME APPLIANCES ///microwave"
"";"ar";"";"";"اجهزة منزلية صغيرة///ميكروويف"
"";"en";"EL-Mokhtar";"2643";"HOME APPLIANCES"
"";"ar";"";"";"الاجهزة المنزلية""";"en";"EL-Mokhtar";"2644";"HOME APPLIANCES"
"";"ar";"";"";"الاجهزة المنزلية"
"";"en";"EL-Mokhtar";"2645";"HOME APPLIANCES"
"";"ar";"";"";"الاجهزة المنزلية"
"";"en";"EL-Mokhtar";"2646";"HOME APPLIANCES"
"";"ar";"";"";"الاجهزة المنزلية"
"";"en";"EL-Mokhtar";"2647";"HOME APPLIANCES///TVs"
"";"ar";"";"";"الاجهزة المنزلية///تليفزيون"
"";"en";"EL-Mokhtar";"2648";"HOME APPLIANCES///TVs"
"";"ar";"";"";"الاجهزة المنزلية///تليفزيون"
"";"en";"EL-Mokhtar";"2649";"MOBILE & TABLET"
"";"ar";"";"";"موبايلات و تابلت"
"";"en";"EL-Mokhtar";"2652";"MOBILE & TABLET///Mobile devices"
"";"ar";"";"";"موبايلات و تابلت///أجهزة موبايل"
"";"en";"EL-Mokhtar";"2653";"Watches & Accessories "
"";"ar";"";"";"ساعات و اكسسوارات"
"";"en";"EL-Mokhtar";"2654";"Watches & Accessories "
"";"ar";"";"";"ساعات و اكسسوارات"
"";"en";"EL-Mokhtar";"2656";"Tools & Equipment"
"";"ar";"";"";"عدد و ادوات"
"";"en";"EL-Mokhtar";"2657";"Tools & Equipment"
"";"ar";"";"";"عدد و ادوات"
"";"en";"EL-Mokhtar";"2658";"HOME APPLIANCES///AIR CONDITIONER"
"";"ar";"";"";"الاجهزة المنزلية///مكيفات هواء"
"";"en";"EL-Mokhtar";"2659";"SMALL HOME APPLIANCES "
"";"ar";"";"";"اجهزة منزلية صغيرة"
"";"en";"EL-Mokhtar";"2660";"HOME APPLIANCES///AIR CONDITIONER"
"";"ar";"";"";"الاجهزة المنزلية///مكيفات هواء"
"";"en";"EL-Mokhtar";"2661";"HOME APPLIANCES///AIR CONDITIONER"
"";"ar";"";"";"الاجهزة المنزلية///مكيفات هواء""";"en";"EL-Mokhtar";"2662";"Toys "
"";"ar";"";"";"العاب الاطفال"
"";"en";"EL-Mokhtar";"2663";"Toys ///Game console"
"";"ar";"";"";"العاب الاطفال///اجهزة الالعاب "
"";"en";"EL-Mokhtar";"2664";"Toys ///Game console"
"";"ar";"";"";"العاب الاطفال///اجهزة الالعاب "
"";"en";"EL-Mokhtar";"2665";"Toys "
"";"ar";"";"";"العاب الاطفال"
"";"en";"EL-Mokhtar";"2666";"Toys ///Game console"
"";"ar";"";"";"العاب الاطفال///اجهزة الالعاب "
"";"en";"EL-Mokhtar";"2667";"Toys ///Game console"
"";"ar";"";"";"العاب الاطفال///اجهزة الالعاب "
"";"en";"EL-Mokhtar";"2668";"MOBILE & TABLET///Tablet"
"";"ar";"";"";"موبايلات و تابلت///تابلت"
"";"en";"EL-Mokhtar";"2669";"MOBILE & TABLET///Tablet"
"";"ar";"";"";"موبايلات و تابلت///تابلت"
"";"en";"EL-Mokhtar";"2670";"MOBILE & TABLET"
"";"ar";"";"";"موبايلات و تابلت"
"";"en";"EL-Mokhtar";"2671";"MOBILE & TABLET///Tablet"
"";"ar";"";"";"موبايلات و تابلت///تابلت"
"";"en";"EL-Mokhtar";"2672";"MOBILE & TABLET"
"";"ar";"";"";"موبايلات و تابلت"
"";"en";"EL-Mokhtar";"2673";"HOME APPLIANCES"
"";"ar";"";"";"الاجهزة المنزلية"
"";"en";"EL-Mokhtar";"2674";"HOME APPLIANCES///COOKERS"
"";"ar";"";"";"الاجهزة المنزلية///بوتاجازات"
"";"en";"EL-Mokhtar";"2675";"HOME APPLIANCES"
"";"ar";"";"";"الاجهزة المنزلية"
"";"en";"EL-Mokhtar";"2676";"HOME APPLIANCES///Gas Water Heater"
"";"ar";"";"";"الاجهزة المنزلية///سخانات غاز""";"en";"EL-Mokhtar";"2677";"HOME APPLIANCES///Electric Water Heater"
"";"ar";"";"";"الاجهزة المنزلية///سخانات كهربائية"
"";"en";"EL-Mokhtar";"2679";"SMALL HOME APPLIANCES ///coffee makers"
"";"ar";"";"";"اجهزة منزلية صغيرة///ماكينات قهوة"
"";"en";"EL-Mokhtar";"2680";"SMALL HOME APPLIANCES "
"";"ar";"";"";"اجهزة منزلية صغيرة"
"";"en";"EL-Mokhtar";"2681";"SMALL HOME APPLIANCES "
"";"ar";"";"";"اجهزة منزلية صغيرة"
"";"en";"EL-Mokhtar";"2682";"HOME DECORATION"
"";"ar";"";"";"ديكورات منزلية"
"";"en";"EL-Mokhtar";"2683";"Health & Beauty"
"";"ar";"";"";"الصحة و الجمال "
"";"";"";"";""
"";"ar";"EL-Mokhtar";"2684";"عدد و ادوات///ادوات"
"";"en";"EL-Mokhtar";"2684";"Tools & Equipment///Equipment"
"";"";"";"";""
"";"en";"EL-Mokhtar";"2685";"Toys "
"";"ar";"";"";"العاب الاطفال"
"";"en";"EL-Mokhtar";"2686";"SMALL HOME APPLIANCES ///Sewing machine"
"";"ar";"";"";"اجهزة منزلية صغيرة///ماكينات خياطة"
"";"en";"EL-Mokhtar";"2687";"SMALL HOME APPLIANCES ///Sewing machine"
"";"ar";"";"";"اجهزة منزلية صغيرة///ماكينات خياطة"
"";"en";"EL-Mokhtar";"2688";"SMALL HOME APPLIANCES ///Sewing machine"
"";"ar";"";"";"اجهزة منزلية صغيرة///ماكينات خياطة"
"";"en";"EL-Mokhtar";"2689";"SMALL HOME APPLIANCES ///Sewing machine"
"";"ar";"";"";"اجهزة منزلية صغيرة///ماكينات خياطة"
"";"en";"EL-Mokhtar";"2690";"SMALL HOME APPLIANCES "
"";"ar";"";"";"اجهزة منزلية صغيرة"
"";"en";"EL-Mokhtar";"2691";"Computers  & Accessories "
"";"ar";"";"";"الكمبيوتر و ملحقاته""";"en";"EL-Mokhtar";"2692";"Computers  & Accessories "
"";"ar";"";"";"الكمبيوتر و ملحقاته"
"";"en";"EL-Mokhtar";"2693";"Computers  & Accessories "
"";"ar";"";"";"الكمبيوتر و ملحقاته"
"";"en";"EL-Mokhtar";"2694";"Computers  & Accessories ///Laptop"
"";"ar";"";"";"الكمبيوتر و ملحقاته///لاب توب"
"";"en";"EL-Mokhtar";"2695";"Computers  & Accessories ///Laptop"
"";"ar";"";"";"الكمبيوتر و ملحقاته///لاب توب"
"";"en";"EL-Mokhtar";"2696";"Computers  & Accessories "
"";"ar";"";"";"الكمبيوتر و ملحقاته"
"";"en";"EL-Mokhtar";"2697";"Computers  & Accessories ///Laptop"
"";"ar";"";"";"الكمبيوتر و ملحقاته///لاب توب"
"";"en";"EL-Mokhtar";"2698";"Computers  & Accessories ///Laptop"
"";"ar";"";"";"الكمبيوتر و ملحقاته///لاب توب"
"";"en";"EL-Mokhtar";"2699";"Computers  & Accessories ///Laptop"
"";"ar";"";"";"الكمبيوتر و ملحقاته///لاب توب"
"";"en";"EL-Mokhtar";"2700";"Computers  & Accessories "
"";"ar";"";"";"الكمبيوتر و ملحقاته"
"";"en";"EL-Mokhtar";"2701";"Computers  & Accessories ///Laptop"
"";"ar";"";"";"الكمبيوتر و ملحقاته///لاب توب"
"";"en";"EL-Mokhtar";"2702";"Computers  & Accessories ///Laptop"
"";"ar";"";"";"الكمبيوتر و ملحقاته///لاب توب"
"";"en";"EL-Mokhtar";"2703";"Computers  & Accessories ///Laptop"
"";"ar";"";"";"الكمبيوتر و ملحقاته///لاب توب"
"";"en";"EL-Mokhtar";"2704";"Computers  & Accessories ///Laptop"
"";"ar";"";"";"الكمبيوتر و ملحقاته///لاب توب"
"";"en";"EL-Mokhtar";"2705";"Computers  & Accessories ///Laptop"
"";"ar";"";"";"الكمبيوتر و ملحقاته///لاب توب"
"";"en";"EL-Mokhtar";"2706";"Computers  & Accessories ///Laptop"
"";"ar";"";"";"الكمبيوتر و ملحقاته///لاب توب""";"en";"EL-Mokhtar";"2707";"Computers  & Accessories "
"";"ar";"";"";"الكمبيوتر و ملحقاته"
"";"en";"EL-Mokhtar";"2708";"Computers  & Accessories ///Laptop"
"";"ar";"";"";"الكمبيوتر و ملحقاته///لاب توب"
"";"en";"EL-Mokhtar";"2709";"Computers  & Accessories "
"";"ar";"";"";"الكمبيوتر و ملحقاته"
"";"en";"EL-Mokhtar";"2710";"Computers  & Accessories "
"";"ar";"";"";"الكمبيوتر و ملحقاته"
"";"en";"EL-Mokhtar";"2711";"Computers  & Accessories ///Laptop"
"";"ar";"";"";"الكمبيوتر و ملحقاته///لاب توب"
"";"en";"EL-Mokhtar";"2712";"Computers  & Accessories ///Laptop"
"";"ar";"";"";"الكمبيوتر و ملحقاته///لاب توب"
"";"en";"EL-Mokhtar";"2713";"Computers  & Accessories "
"";"ar";"";"";"الكمبيوتر و ملحقاته"
"";"en";"EL-Mokhtar";"2714";"Computers  & Accessories "
"";"ar";"";"";"الكمبيوتر و ملحقاته"
"";"en";"EL-Mokhtar";"2715";"Computers  & Accessories "
"";"ar";"";"";"الكمبيوتر و ملحقاته"
"";"en";"EL-Mokhtar";"2716";"Computers  & Accessories ///Laptop"
"";"ar";"";"";"الكمبيوتر و ملحقاته///لاب توب"
"";"en";"EL-Mokhtar";"2717";"Computers  & Accessories "
"";"ar";"";"";"الكمبيوتر و ملحقاته"
"";"en";"EL-Mokhtar";"2718";"Computers  & Accessories "
"";"ar";"";"";"الكمبيوتر و ملحقاته"
"";"en";"EL-Mokhtar";"2719";"SMALL HOME APPLIANCES ///Kitchen machine"
"";"ar";"";"";"اجهزة منزلية صغيرة///محضرات طعام"
"";"en";"EL-Mokhtar";"2720";"SMALL HOME APPLIANCES "
"";"ar";"";"";"اجهزة منزلية صغيرة"
"";"en";"EL-Mokhtar";"2721";"SMALL HOME APPLIANCES "
"";"ar";"";"";"اجهزة منزلية صغيرة""";"en";"EL-Mokhtar";"2722";"SMALL HOME APPLIANCES ///Kitchen machine"
"";"ar";"";"";"اجهزة منزلية صغيرة///محضرات طعام"
"";"en";"EL-Mokhtar";"2723";"SMALL HOME APPLIANCES ///Kitchen machine"
"";"ar";"";"";"اجهزة منزلية صغيرة///محضرات طعام"
"";"en";"EL-Mokhtar";"2724";"SMALL HOME APPLIANCES ///Kitchen machine"
"";"ar";"";"";"اجهزة منزلية صغيرة///محضرات طعام"
"";"en";"EL-Mokhtar";"2725";"SMALL HOME APPLIANCES ///Kitchen machine"
"";"ar";"";"";"اجهزة منزلية صغيرة///محضرات طعام"
"";"en";"EL-Mokhtar";"2726";"SMALL HOME APPLIANCES ///Kitchen machine"
"";"ar";"";"";"اجهزة منزلية صغيرة///محضرات طعام"
"";"en";"EL-Mokhtar";"2727";"SMALL HOME APPLIANCES ///Kitchen machine"
"";"ar";"";"";"اجهزة منزلية صغيرة///محضرات طعام"
"";"en";"EL-Mokhtar";"2728";"SMALL HOME APPLIANCES "
"";"ar";"";"";"اجهزة منزلية صغيرة"
"";"en";"EL-Mokhtar";"2729";"SMALL HOME APPLIANCES "
"";"ar";"";"";"اجهزة منزلية صغيرة"
"";"en";"EL-Mokhtar";"2730";"SMALL HOME APPLIANCES "
"";"ar";"";"";"اجهزة منزلية صغيرة"
"";"en";"EL-Mokhtar";"2731";"SMALL HOME APPLIANCES "
"";"ar";"";"";"اجهزة منزلية صغيرة"
"";"en";"EL-Mokhtar";"2732";"SMALL HOME APPLIANCES ///Kitchen machine"
"";"ar";"";"";"اجهزة منزلية صغيرة///محضرات طعام"
"";"en";"EL-Mokhtar";"2733";"SMALL HOME APPLIANCES ///Kitchen machine"
"";"ar";"";"";"اجهزة منزلية صغيرة///محضرات طعام"
"";"en";"EL-Mokhtar";"2734";"SMALL HOME APPLIANCES "
"";"ar";"";"";"اجهزة منزلية صغيرة"
"";"en";"EL-Mokhtar";"2735";"SMALL HOME APPLIANCES "
"";"ar";"";"";"اجهزة منزلية صغيرة"
"";"en";"EL-Mokhtar";"2736";"SMALL HOME APPLIANCES ///Kitchen machine"
"";"ar";"";"";"اجهزة منزلية صغيرة///محضرات طعام""";"en";"EL-Mokhtar";"2737";"SMALL HOME APPLIANCES ///Kitchen machine"
"";"ar";"";"";"اجهزة منزلية صغيرة///محضرات طعام"
"";"en";"EL-Mokhtar";"2738";"SMALL HOME APPLIANCES "
"";"ar";"";"";"اجهزة منزلية صغيرة"
"";"en";"EL-Mokhtar";"2739";"SMALL HOME APPLIANCES ///Kitchen machine"
"";"ar";"";"";"اجهزة منزلية صغيرة///محضرات طعام"
"";"en";"EL-Mokhtar";"2740";"SMALL HOME APPLIANCES ///Kitchen machine"
"";"ar";"";"";"اجهزة منزلية صغيرة///محضرات طعام"
"";"en";"EL-Mokhtar";"2741";"SMALL HOME APPLIANCES ///Kitchen machine"
"";"ar";"";"";"اجهزة منزلية صغيرة///محضرات طعام"
"";"en";"EL-Mokhtar";"2742";"SMALL HOME APPLIANCES ///Kitchen machine"
"";"ar";"";"";"اجهزة منزلية صغيرة///محضرات طعام"
"";"en";"EL-Mokhtar";"2743";"SMALL HOME APPLIANCES "
"";"ar";"";"";"اجهزة منزلية صغيرة"
"";"en";"EL-Mokhtar";"2744";"SMALL HOME APPLIANCES "
"";"ar";"";"";"اجهزة منزلية صغيرة"
"";"en";"EL-Mokhtar";"2745";"SMALL HOME APPLIANCES ///Kitchen machine"
"";"ar";"";"";"اجهزة منزلية صغيرة///محضرات طعام"
"";"en";"EL-Mokhtar";"2746";"SMALL HOME APPLIANCES ///Kitchen machine"
"";"ar";"";"";"اجهزة منزلية صغيرة///محضرات طعام"
"";"en";"EL-Mokhtar";"2747";"SMALL HOME APPLIANCES ///Kitchen machine"
"";"ar";"";"";"اجهزة منزلية صغيرة///محضرات طعام"
"";"en";"EL-Mokhtar";"2748";"SMALL HOME APPLIANCES ///Yogurt Maker"
"";"ar";"";"";"اجهزة منزلية صغيرة///ماكينه الزبادي"
"";"en";"EL-Mokhtar";"2749";"SMALL HOME APPLIANCES "
"";"ar";"";"";"اجهزة منزلية صغيرة"
"";"en";"EL-Mokhtar";"2750";"SMALL HOME APPLIANCES ///Yogurt Maker"
"";"ar";"";"";"اجهزة منزلية صغيرة///ماكينه الزبادي"
"";"en";"EL-Mokhtar";"2751";"SMALL HOME APPLIANCES "
"";"ar";"";"";"اجهزة منزلية صغيرة""";"en";"EL-Mokhtar";"2752";"SMALL HOME APPLIANCES ///Yogurt Maker"
"";"ar";"";"";"اجهزة منزلية صغيرة///ماكينه الزبادي"
"";"en";"EL-Mokhtar";"2753";"SMALL HOME APPLIANCES ///coffee makers"
"";"ar";"";"";"اجهزة منزلية صغيرة///ماكينات قهوة"
"";"en";"EL-Mokhtar";"2754";"SMALL HOME APPLIANCES "
"";"ar";"";"";"اجهزة منزلية صغيرة"
"";"en";"EL-Mokhtar";"2755";"SMALL HOME APPLIANCES "
"";"ar";"";"";"اجهزة منزلية صغيرة"
"";"en";"EL-Mokhtar";"2756";"SMALL HOME APPLIANCES "
"";"ar";"";"";"اجهزة منزلية صغيرة"
"";"en";"EL-Mokhtar";"2757";"SMALL HOME APPLIANCES "
"";"ar";"";"";"اجهزة منزلية صغيرة"
"";"en";"EL-Mokhtar";"2758";"SMALL HOME APPLIANCES "
"";"ar";"";"";"اجهزة منزلية صغيرة"
"";"en";"EL-Mokhtar";"2759";"SMALL HOME APPLIANCES ///coffee makers"
"";"ar";"";"";"اجهزة منزلية صغيرة///ماكينات قهوة"
"";"en";"EL-Mokhtar";"2760";"SMALL HOME APPLIANCES ///coffee makers"
"";"ar";"";"";"اجهزة منزلية صغيرة///ماكينات قهوة"
"";"en";"EL-Mokhtar";"2761";"SMALL HOME APPLIANCES "
"";"ar";"";"";"اجهزة منزلية صغيرة"
"";"en";"EL-Mokhtar";"2762";"SMALL HOME APPLIANCES "
"";"ar";"";"";"اجهزة منزلية صغيرة"
"";"en";"EL-Mokhtar";"2763";"SMALL HOME APPLIANCES ///coffee makers"
"";"ar";"";"";"اجهزة منزلية صغيرة///ماكينات قهوة"
"";"en";"EL-Mokhtar";"2764";"SMALL HOME APPLIANCES "
"";"ar";"";"";"اجهزة منزلية صغيرة"
"";"en";"EL-Mokhtar";"2765";"SMALL HOME APPLIANCES ///coffee makers"
"";"ar";"";"";"اجهزة منزلية صغيرة///ماكينات قهوة"
"";"en";"EL-Mokhtar";"2766";"SMALL HOME APPLIANCES ///coffee makers"
"";"ar";"";"";"اجهزة منزلية صغيرة///ماكينات قهوة""";"en";"EL-Mokhtar";"2767";"SMALL HOME APPLIANCES "
"";"ar";"";"";"اجهزة منزلية صغيرة"
"";"en";"EL-Mokhtar";"2768";"SMALL HOME APPLIANCES "
"";"ar";"";"";"اجهزة منزلية صغيرة"
"";"en";"EL-Mokhtar";"2769";"SMALL HOME APPLIANCES ///coffee makers"
"";"ar";"";"";"اجهزة منزلية صغيرة///ماكينات قهوة"
"";"en";"EL-Mokhtar";"2770";"SMALL HOME APPLIANCES "
"";"ar";"";"";"اجهزة منزلية صغيرة"
"";"en";"EL-Mokhtar";"2771";"SMALL HOME APPLIANCES ///coffee makers"
"";"ar";"";"";"اجهزة منزلية صغيرة///ماكينات قهوة"
"";"en";"EL-Mokhtar";"2772";"SMALL HOME APPLIANCES "
"";"ar";"";"";"اجهزة منزلية صغيرة"
"";"en";"EL-Mokhtar";"2773";"SMALL HOME APPLIANCES ///Electric oven "
"";"ar";"";"";"اجهزة منزلية صغيرة///افران كهربائيه"
"";"en";"EL-Mokhtar";"2774";"SMALL HOME APPLIANCES "
"";"ar";"";"";"اجهزة منزلية صغيرة"
"";"en";"EL-Mokhtar";"2775";"SMALL HOME APPLIANCES "
"";"ar";"";"";"اجهزة منزلية صغيرة"
"";"en";"EL-Mokhtar";"2776";"SMALL HOME APPLIANCES "
"";"ar";"";"";"اجهزة منزلية صغيرة"
"";"en";"EL-Mokhtar";"2777";"SMALL HOME APPLIANCES "
"";"ar";"";"";"اجهزة منزلية صغيرة"
"";"en";"EL-Mokhtar";"2778";"SMALL HOME APPLIANCES "
"";"ar";"";"";"اجهزة منزلية صغيرة"
"";"en";"EL-Mokhtar";"2779";"SMALL HOME APPLIANCES "
"";"ar";"";"";"اجهزة منزلية صغيرة"
"";"en";"EL-Mokhtar";"2780";"SMALL HOME APPLIANCES ///Vacuum cleaner"
"";"ar";"";"";"اجهزة منزلية صغيرة///مكانس كهربائية"
"";"en";"EL-Mokhtar";"2781";"SMALL HOME APPLIANCES "
"";"ar";"";"";"اجهزة منزلية صغيرة""";"en";"EL-Mokhtar";"2782";"SMALL HOME APPLIANCES ///Vacuum cleaner"
"";"ar";"";"";"اجهزة منزلية صغيرة///مكانس كهربائية"
"";"en";"EL-Mokhtar";"2783";"SMALL HOME APPLIANCES "
"";"ar";"";"";"اجهزة منزلية صغيرة"
"";"en";"EL-Mokhtar";"2784";"SMALL HOME APPLIANCES "
"";"ar";"";"";"اجهزة منزلية صغيرة"
"";"en";"EL-Mokhtar";"2785";"SMALL HOME APPLIANCES ///Vacuum cleaner"
"";"ar";"";"";"اجهزة منزلية صغيرة///مكانس كهربائية"
"";"en";"EL-Mokhtar";"2786";"SMALL HOME APPLIANCES "
"";"ar";"";"";"اجهزة منزلية صغيرة"
"";"en";"EL-Mokhtar";"2787";"SMALL HOME APPLIANCES "
"";"ar";"";"";"اجهزة منزلية صغيرة"
"";"en";"EL-Mokhtar";"2788";"SMALL HOME APPLIANCES ///Vacuum cleaner"
"";"ar";"";"";"اجهزة منزلية صغيرة///مكانس كهربائية"
"";"en";"EL-Mokhtar";"2789";"SMALL HOME APPLIANCES "
"";"ar";"";"";"اجهزة منزلية صغيرة"
"";"en";"EL-Mokhtar";"2790";"SMALL HOME APPLIANCES "
"";"ar";"";"";"اجهزة منزلية صغيرة"
"";"en";"EL-Mokhtar";"2791";"SMALL HOME APPLIANCES ///Vacuum cleaner"
"";"ar";"";"";"اجهزة منزلية صغيرة///مكانس كهربائية"
"";"en";"EL-Mokhtar";"2792";"SMALL HOME APPLIANCES ///Vacuum cleaner"
"";"ar";"";"";"اجهزة منزلية صغيرة///مكانس كهربائية"
"";"en";"EL-Mokhtar";"2793";"SMALL HOME APPLIANCES "
"";"ar";"";"";"اجهزة منزلية صغيرة"
"";"en";"EL-Mokhtar";"2794";"SMALL HOME APPLIANCES "
"";"ar";"";"";"اجهزة منزلية صغيرة"
"";"en";"EL-Mokhtar";"2795";"SMALL HOME APPLIANCES ///Vacuum cleaner"
"";"ar";"";"";"اجهزة منزلية صغيرة///مكانس كهربائية"
"";"en";"EL-Mokhtar";"2796";"SMALL HOME APPLIANCES "
"";"ar";"";"";"اجهزة منزلية صغيرة""";"en";"EL-Mokhtar";"2797";"SMALL HOME APPLIANCES ///Vacuum cleaner"
"";"ar";"";"";"اجهزة منزلية صغيرة///مكانس كهربائية"
"";"en";"EL-Mokhtar";"2798";"SMALL HOME APPLIANCES "
"";"ar";"";"";"اجهزة منزلية صغيرة"
"";"en";"EL-Mokhtar";"2799";"SMALL HOME APPLIANCES "
"";"ar";"";"";"اجهزة منزلية صغيرة"
"";"en";"EL-Mokhtar";"2800";"SMALL HOME APPLIANCES "
"";"ar";"";"";"اجهزة منزلية صغيرة"
"";"en";"EL-Mokhtar";"2801";"SMALL HOME APPLIANCES ///Vacuum cleaner"
"";"ar";"";"";"اجهزة منزلية صغيرة///مكانس كهربائية"
"";"en";"EL-Mokhtar";"2802";"SMALL HOME APPLIANCES "
"";"ar";"";"";"اجهزة منزلية صغيرة"
"";"en";"EL-Mokhtar";"2803";"SMALL HOME APPLIANCES "
"";"ar";"";"";"اجهزة منزلية صغيرة"
"";"en";"EL-Mokhtar";"2804";"SMALL HOME APPLIANCES ///Vacuum cleaner"
"";"ar";"";"";"اجهزة منزلية صغيرة///مكانس كهربائية"
"";"en";"EL-Mokhtar";"2805";"SMALL HOME APPLIANCES "
"";"ar";"";"";"اجهزة منزلية صغيرة"
"";"en";"EL-Mokhtar";"2806";"SMALL HOME APPLIANCES ///Vacuum cleaner"
"";"ar";"";"";"اجهزة منزلية صغيرة///مكانس كهربائية"
"";"en";"EL-Mokhtar";"2807";"SMALL HOME APPLIANCES ///coffee makers"
"";"ar";"";"";"اجهزة منزلية صغيرة///ماكينات قهوة"
"";"en";"EL-Mokhtar";"2808";"SMALL HOME APPLIANCES ///coffee makers"
"";"ar";"";"";"اجهزة منزلية صغيرة///ماكينات قهوة"
"";"en";"EL-Mokhtar";"2809";"SMALL HOME APPLIANCES ///Blenders "
"";"ar";"";"";"اجهزة منزلية صغيرة///خلاطات"
"";"en";"EL-Mokhtar";"2810";"SMALL HOME APPLIANCES "
"";"ar";"";"";"اجهزة منزلية صغيرة"
"";"en";"EL-Mokhtar";"2811";"SMALL HOME APPLIANCES ///Blenders "
"";"ar";"";"";"اجهزة منزلية صغيرة///خلاطات""";"en";"EL-Mokhtar";"2812";"SMALL HOME APPLIANCES ///Blenders "
"";"ar";"";"";"اجهزة منزلية صغيرة///خلاطات"
"";"en";"EL-Mokhtar";"2813";"SMALL HOME APPLIANCES ///Blenders "
"";"ar";"";"";"اجهزة منزلية صغيرة///خلاطات"
"";"en";"EL-Mokhtar";"2814";"SMALL HOME APPLIANCES "
"";"ar";"";"";"اجهزة منزلية صغيرة"
"";"en";"EL-Mokhtar";"2815";"SMALL HOME APPLIANCES ///Blenders "
"";"ar";"";"";"اجهزة منزلية صغيرة///خلاطات"
"";"en";"EL-Mokhtar";"2816";"HOME APPLIANCES///COOKERS"
"";"ar";"";"";"الاجهزة المنزلية///بوتاجازات"
"";"en";"EL-Mokhtar";"2817";"HOME APPLIANCES"
"";"ar";"";"";"الاجهزة المنزلية"
"";"en";"EL-Mokhtar";"2818";"HOME APPLIANCES"
"";"ar";"";"";"الاجهزة المنزلية"
"";"en";"EL-Mokhtar";"2819";"HOME APPLIANCES"
"";"ar";"";"";"الاجهزة المنزلية"
"";"en";"EL-Mokhtar";"2820";"HOME APPLIANCES"
"";"ar";"";"";"الاجهزة المنزلية"
"";"en";"EL-Mokhtar";"2821";"HOME APPLIANCES"
"";"ar";"";"";"الاجهزة المنزلية"
"";"en";"EL-Mokhtar";"2822";"HOME APPLIANCES///COOKERS"
"";"ar";"";"";"الاجهزة المنزلية///بوتاجازات"
"";"en";"EL-Mokhtar";"2823";"SMALL HOME APPLIANCES ///Blenders "
"";"ar";"";"";"اجهزة منزلية صغيرة///خلاطات"
"";"en";"EL-Mokhtar";"2824";"SMALL HOME APPLIANCES ///Blenders "
"";"ar";"";"";"اجهزة منزلية صغيرة///خلاطات"
"";"en";"EL-Mokhtar";"2825";"SMALL HOME APPLIANCES "
"";"ar";"";"";"اجهزة منزلية صغيرة"
"";"en";"EL-Mokhtar";"2826";"SMALL HOME APPLIANCES "
"";"ar";"";"";"اجهزة منزلية صغيرة""";"en";"EL-Mokhtar";"2827";"Health & Beauty"
"";"ar";"";"";"الصحة و الجمال "
"";"en";"EL-Mokhtar";"2828";"Health & Beauty"
"";"ar";"";"";"الصحة و الجمال "
"";"en";"EL-Mokhtar";"2829";"Computers  & Accessories "
"";"ar";"";"";"الكمبيوتر و ملحقاته"
"";"en";"EL-Mokhtar";"2830";"Computers  & Accessories "
"";"ar";"";"";"الكمبيوتر و ملحقاته"
"";"en";"EL-Mokhtar";"2831";"Computers  & Accessories ///Desktops"
"";"ar";"";"";"الكمبيوتر و ملحقاته///أجهزة الكمبيوتر المكتبية"
"";"en";"EL-Mokhtar";"2832";"Computers  & Accessories "
"";"ar";"";"";"الكمبيوتر و ملحقاته"
"";"en";"EL-Mokhtar";"2833";"Computers  & Accessories "
"";"ar";"";"";"الكمبيوتر و ملحقاته"
"";"en";"EL-Mokhtar";"2834";"Computers  & Accessories "
"";"ar";"";"";"الكمبيوتر و ملحقاته"
"";"en";"EL-Mokhtar";"2835";"Computers  & Accessories "
"";"ar";"";"";"الكمبيوتر و ملحقاته"
"";"en";"EL-Mokhtar";"2836";"Computers  & Accessories "
"";"ar";"";"";"الكمبيوتر و ملحقاته"
"";"en";"EL-Mokhtar";"2837";"Computers  & Accessories "
"";"ar";"";"";"الكمبيوتر و ملحقاته"
"";"en";"EL-Mokhtar";"2838";"MOBILE & TABLET"
"";"ar";"";"";"موبايلات و تابلت"
"";"en";"EL-Mokhtar";"2839";"MOBILE & TABLET"
"";"ar";"";"";"موبايلات و تابلت"
"";"en";"EL-Mokhtar";"2840";"MOBILE & TABLET///Mobile devices"
"";"ar";"";"";"موبايلات و تابلت///أجهزة موبايل"
"";"en";"EL-Mokhtar";"2841";"MOBILE & TABLET///Mobile devices"
"";"ar";"";"";"موبايلات و تابلت///أجهزة موبايل""";"en";"EL-Mokhtar";"2842";"MOBILE & TABLET///Mobile devices"
"";"ar";"";"";"موبايلات و تابلت///أجهزة موبايل"
"";"en";"EL-Mokhtar";"2843";"MOBILE & TABLET///Mobile devices"
"";"ar";"";"";"موبايلات و تابلت///أجهزة موبايل"
"";"en";"EL-Mokhtar";"2844";"MOBILE & TABLET"
"";"ar";"";"";"موبايلات و تابلت"
"";"en";"EL-Mokhtar";"2845";"MOBILE & TABLET///Mobile devices"
"";"ar";"";"";"موبايلات و تابلت///أجهزة موبايل"
"";"en";"EL-Mokhtar";"2846";"MOBILE & TABLET///Mobile devices"
"";"ar";"";"";"موبايلات و تابلت///أجهزة موبايل"
"";"en";"EL-Mokhtar";"2847";"MOBILE & TABLET///Mobile devices"
"";"ar";"";"";"موبايلات و تابلت///أجهزة موبايل"
"";"en";"EL-Mokhtar";"2848";"MOBILE & TABLET///Mobile devices"
"";"ar";"";"";"موبايلات و تابلت///أجهزة موبايل"
"";"en";"EL-Mokhtar";"2849";"MOBILE & TABLET"
"";"ar";"";"";"موبايلات و تابلت"
"";"en";"EL-Mokhtar";"2850";"MOBILE & TABLET///Mobile devices"
"";"ar";"";"";"موبايلات و تابلت///أجهزة موبايل"
"";"en";"EL-Mokhtar";"2851";"MOBILE & TABLET///Mobile devices"
"";"ar";"";"";"موبايلات و تابلت///أجهزة موبايل"
"";"en";"EL-Mokhtar";"2852";"MOBILE & TABLET///Mobile devices"
"";"ar";"";"";"موبايلات و تابلت///أجهزة موبايل"
"";"en";"EL-Mokhtar";"2853";"MOBILE & TABLET"
"";"ar";"";"";"موبايلات و تابلت"
"";"en";"EL-Mokhtar";"2854";"MOBILE & TABLET///Mobile devices"
"";"ar";"";"";"موبايلات و تابلت///أجهزة موبايل"
"";"en";"EL-Mokhtar";"2855";"HOME APPLIANCES"
"";"ar";"";"";"الاجهزة المنزلية"
"";"en";"EL-Mokhtar";"2856";"HOME APPLIANCES///DISH WASHER"
"";"ar";"";"";"الاجهزة المنزلية///غسالات الاطباق""";"en";"EL-Mokhtar";"2857";"HOME APPLIANCES///DISH WASHER"
"";"ar";"";"";"الاجهزة المنزلية///غسالات الاطباق"
"";"en";"EL-Mokhtar";"2858";"HOME APPLIANCES///DISH WASHER"
"";"ar";"";"";"الاجهزة المنزلية///غسالات الاطباق"
"";"en";"EL-Mokhtar";"2859";"HOME APPLIANCES"
"";"ar";"";"";"الاجهزة المنزلية"
"";"en";"EL-Mokhtar";"2860";"HOME APPLIANCES"
"";"ar";"";"";"الاجهزة المنزلية"
"";"en";"EL-Mokhtar";"2861";"HOME APPLIANCES///TVs"
"";"ar";"";"";"الاجهزة المنزلية///تليفزيون"
"";"en";"EL-Mokhtar";"2862";"HOME APPLIANCES///TVs"
"";"ar";"";"";"الاجهزة المنزلية///تليفزيون"
"";"en";"EL-Mokhtar";"2863";"HOME APPLIANCES"
"";"ar";"";"";"الاجهزة المنزلية"
"";"en";"EL-Mokhtar";"2864";"HOME APPLIANCES///TVs"
"";"ar";"";"";"الاجهزة المنزلية///تليفزيون"
"";"en";"EL-Mokhtar";"2865";"HOME APPLIANCES///TVs"
"";"ar";"";"";"الاجهزة المنزلية///تليفزيون"
"";"en";"EL-Mokhtar";"2866";"HOME APPLIANCES///TVs"
"";"ar";"";"";"الاجهزة المنزلية///تليفزيون"
"";"en";"EL-Mokhtar";"2867";"HOME APPLIANCES"
"";"ar";"";"";"الاجهزة المنزلية"
"";"en";"EL-Mokhtar";"2868";"HOME APPLIANCES///TVs"
"";"ar";"";"";"الاجهزة المنزلية///تليفزيون"
"";"en";"EL-Mokhtar";"2869";"HOME APPLIANCES"
"";"ar";"";"";"الاجهزة المنزلية"
"";"en";"EL-Mokhtar";"2870";"HOME APPLIANCES///TVs"
"";"ar";"";"";"الاجهزة المنزلية///تليفزيون"
"";"en";"EL-Mokhtar";"2871";"HOME APPLIANCES///TVs"
"";"ar";"";"";"الاجهزة المنزلية///تليفزيون""";"en";"EL-Mokhtar";"2872";"HOME APPLIANCES"
"";"ar";"";"";"الاجهزة المنزلية"
"";"en";"EL-Mokhtar";"2873";"HOME APPLIANCES///TVs"
"";"ar";"";"";"الاجهزة المنزلية///تليفزيون"
"";"en";"EL-Mokhtar";"2874";"HOME APPLIANCES"
"";"ar";"";"";"الاجهزة المنزلية"
"";"en";"EL-Mokhtar";"2875";"HOME APPLIANCES"
"";"ar";"";"";"الاجهزة المنزلية"
"";"en";"EL-Mokhtar";"2876";"HOME APPLIANCES"
"";"ar";"";"";"الاجهزة المنزلية"
"";"en";"EL-Mokhtar";"2877";"Fitness Supplies"
"";"ar";"";"";"المستلزمات الرياضية"
"";"en";"EL-Mokhtar";"2878";"Fitness Supplies"
"";"ar";"";"";"المستلزمات الرياضية"
"";"en";"EL-Mokhtar";"2879";"Fitness Supplies"
"";"ar";"";"";"المستلزمات الرياضية"
"";"en";"EL-Mokhtar";"2880";"Fitness Supplies"
"";"ar";"";"";"المستلزمات الرياضية"
"";"en";"EL-Mokhtar";"2881";"Fitness Supplies"
"";"ar";"";"";"المستلزمات الرياضية"
"";"en";"EL-Mokhtar";"2882";"Fitness Supplies"
"";"ar";"";"";"المستلزمات الرياضية"
"";"en";"EL-Mokhtar";"2883";"CAMERAS & PHOTOS"
"";"ar";"";"";"كاميرات تصوير"
"";"en";"EL-Mokhtar";"2884";"HOME APPLIANCES///BUILT IN "
"";"ar";"";"";"الاجهزة المنزلية///بلت ان"
"";"en";"EL-Mokhtar";"2885";"HOME APPLIANCES"
"";"ar";"";"";"الاجهزة المنزلية"
"";"en";"EL-Mokhtar";"2886";"HOME APPLIANCES"
"";"ar";"";"";"الاجهزة المنزلية""";"en";"H2";"2887";"HOME APPLIANCES///Gas Water Heater"
"";"ar";"";"";"الاجهزة المنزلية///سخانات غاز"
"";"en";"EL-Mokhtar";"2888";"HOME APPLIANCES///Gas Water Heater"
"";"ar";"";"";"الاجهزة المنزلية///سخانات غاز"
"";"en";"EL-Mokhtar";"2889";"HOME APPLIANCES///Gas Water Heater"
"";"ar";"";"";"الاجهزة المنزلية///سخانات غاز"
"";"en";"EL-Mokhtar";"2890";"HOME APPLIANCES"
"";"ar";"";"";"الاجهزة المنزلية"
"";"en";"EL-Mokhtar";"2891";"HOME APPLIANCES///Gas Water Heater"
"";"ar";"";"";"الاجهزة المنزلية///سخانات غاز"
"";"en";"EL-Mokhtar";"2892";"HOME APPLIANCES"
"";"ar";"";"";"الاجهزة المنزلية"
"";"en";"EL-Mokhtar";"2893";"HOME APPLIANCES///Home Theater"
"";"ar";"";"";"الاجهزة المنزلية///مسرح منزلي"
"";"en";"Nor Elhoda";"2894";"Tools & Equipment"
"";"ar";"";"";"عدد و ادوات"
"";"en";"Nor Elhoda";"2895";"Tools & Equipment///Equipment"
"";"ar";"";"";"عدد و ادوات///ادوات"
"";"en";"Nor Elhoda";"2896";"Tools & Equipment///Equipment"
"";"ar";"";"";"عدد و ادوات///ادوات"
"";"en";"Nor Elhoda";"2897";"Tools & Equipment"
"";"ar";"";"";"عدد و ادوات"
"";"en";"Nor Elhoda";"2898";"Tools & Equipment"
"";"ar";"";"";"عدد و ادوات"
"";"en";"Nor Elhoda";"2899";"Tools & Equipment///Equipment"
"";"ar";"";"";"عدد و ادوات///ادوات"
"";"en";"Nor Elhoda";"2900";"Tools & Equipment///Equipment"
"";"ar";"";"";"عدد و ادوات///ادوات"
"";"en";"Nor Elhoda";"2901";"Tools & Equipment"
"";"ar";"";"";"عدد و ادوات""";"en";"Nor Elhoda";"2902";"Tools & Equipment///Equipment"
"";"ar";"";"";"عدد و ادوات///ادوات"
"";"en";"Nor Elhoda";"2903";"Tools & Equipment"
"";"ar";"";"";"عدد و ادوات"
"";"en";"Nor Elhoda";"2904";"Tools & Equipment///Equipment"
"";"ar";"";"";"عدد و ادوات///ادوات"
"";"en";"Nor Elhoda";"2905";"Tools & Equipment///Equipment"
"";"ar";"";"";"عدد و ادوات///ادوات"
"";"en";"Nor Elhoda";"2906";"Tools & Equipment///Equipment"
"";"ar";"";"";"عدد و ادوات///ادوات"
"";"en";"EL-Mokhtar";"2907";"HOME APPLIANCES"
"";"ar";"";"";"الاجهزة المنزلية"
"";"en";"EL-Mokhtar";"2908";"HOME APPLIANCES///BUILT IN "
"";"ar";"";"";"الاجهزة المنزلية///بلت ان"
"";"en";"EL-Mokhtar";"2909";"HOME APPLIANCES"
"";"ar";"";"";"الاجهزة المنزلية"
"";"en";"EL-Mokhtar";"2910";"HOME APPLIANCES"
"";"ar";"";"";"الاجهزة المنزلية"
"";"en";"EL-Mokhtar";"2911";"HOME APPLIANCES"
"";"ar";"";"";"الاجهزة المنزلية"
"";"en";"EL-Mokhtar";"2912";"HOME APPLIANCES///BUILT IN "
"";"ar";"";"";"الاجهزة المنزلية///بلت ان"
"";"en";"EL-Mokhtar";"2913";"HOME APPLIANCES///BUILT IN "
"";"ar";"";"";"الاجهزة المنزلية///بلت ان"
"";"en";"EL-Mokhtar";"2914";"HOME APPLIANCES"
"";"ar";"";"";"الاجهزة المنزلية"
"";"en";"EL-Mokhtar";"2915";"HOME APPLIANCES///BUILT IN "
"";"ar";"";"";"الاجهزة المنزلية///بلت ان"
"";"en";"EL-Mokhtar";"2916";"HOME APPLIANCES///BUILT IN "
"";"ar";"";"";"الاجهزة المنزلية///بلت ان""";"en";"EL-Mokhtar";"2917";"HOME APPLIANCES"
"";"ar";"";"";"الاجهزة المنزلية"
"";"en";"EL-Mokhtar";"2918";"HOME APPLIANCES"
"";"ar";"";"";"الاجهزة المنزلية"
"";"en";"EL-Mokhtar";"2919";"HOME APPLIANCES///BUILT IN "
"";"ar";"";"";"الاجهزة المنزلية///بلت ان"
"";"en";"EL-Mokhtar";"2920";"HOME APPLIANCES"
"";"ar";"";"";"الاجهزة المنزلية"
"";"en";"EL-Mokhtar";"2921";"HOME APPLIANCES"
"";"ar";"";"";"الاجهزة المنزلية"
"";"en";"EL-Mokhtar";"2922";"HOME APPLIANCES"
"";"ar";"";"";"الاجهزة المنزلية"
"";"en";"EL-Mokhtar";"2923";"HOME APPLIANCES"
"";"ar";"";"";"الاجهزة المنزلية"
"";"en";"EL-Mokhtar";"2924";"HOME APPLIANCES"
"";"ar";"";"";"الاجهزة المنزلية"
"";"en";"EL-Mokhtar";"2925";"HOME APPLIANCES"
"";"ar";"";"";"الاجهزة المنزلية"
"";"en";"EL-Mokhtar";"2926";"HOME APPLIANCES"
"";"ar";"";"";"الاجهزة المنزلية"
"";"en";"EL-Mokhtar";"2927";"HOME APPLIANCES///BUILT IN "
"";"ar";"";"";"الاجهزة المنزلية///بلت ان"
"";"en";"EL-Mokhtar";"2928";"HOME APPLIANCES"
"";"ar";"";"";"الاجهزة المنزلية"
"";"en";"EL-Mokhtar";"2929";"HOME APPLIANCES///BUILT IN "
"";"ar";"";"";"الاجهزة المنزلية///بلت ان"
"";"en";"EL-Mokhtar";"2930";"HOME APPLIANCES"
"";"ar";"";"";"الاجهزة المنزلية"
"";"en";"EL-Mokhtar";"2931";"HOME APPLIANCES"
"";"ar";"";"";"الاجهزة المنزلية""";"en";"EL-Mokhtar";"2932";"Health & Beauty"
"";"ar";"";"";"الصحة و الجمال "
"";"en";"EL-Mokhtar";"2933";"Health & Beauty///Cosmetics "
"";"ar";"";"";"الصحة و الجمال ///مستحضرات التجميل"
"";"en";"EL-Mokhtar";"2934";"Health & Beauty///Cosmetics "
"";"ar";"";"";"الصحة و الجمال ///مستحضرات التجميل"
"";"en";"EL-Mokhtar";"2935";"HOME APPLIANCES///WASHING MACHINE"
"";"ar";"";"";"الاجهزة المنزلية///غسالات ملابس"
"";"en";"EL-Mokhtar";"2936";"HOME APPLIANCES"
"";"ar";"";"";"الاجهزة المنزلية"
"";"en";"EL-Mokhtar";"2937";"HOME APPLIANCES///WASHING MACHINE"
"";"ar";"";"";"الاجهزة المنزلية///غسالات ملابس"
"";"en";"EL-Mokhtar";"2938";"HOME APPLIANCES///WASHING MACHINE"
"";"ar";"";"";"الاجهزة المنزلية///غسالات ملابس"
"";"en";"EL-Mokhtar";"2939";"CAMERAS & PHOTOS"
"";"ar";"";"";"كاميرات تصوير"
"";"en";"EL-Mokhtar";"2940";"CAMERAS & PHOTOS"
"";"ar";"";"";"كاميرات تصوير"
"";"en";"EL-Mokhtar";"2941";"CAMERAS & PHOTOS"
"";"ar";"";"";"كاميرات تصوير"
"";"en";"EL-Mokhtar";"2942";"CAMERAS & PHOTOS"
"";"ar";"";"";"كاميرات تصوير"
"";"en";"EL-Mokhtar";"2943";"HOME APPLIANCES///BUILT IN "
"";"ar";"";"";"الاجهزة المنزلية///بلت ان"
"";"en";"EL-Mokhtar";"2944";"HOME APPLIANCES"
"";"ar";"";"";"الاجهزة المنزلية"
"";"en";"EL-Mokhtar";"2945";"HOME APPLIANCES"
"";"ar";"";"";"الاجهزة المنزلية"
"";"en";"EL-Mokhtar";"2946";"HOME APPLIANCES"
"";"ar";"";"";"الاجهزة المنزلية""";"en";"EL-Mokhtar";"2947";"HOME APPLIANCES///BUILT IN "
"";"ar";"";"";"الاجهزة المنزلية///بلت ان"
"";"en";"EL-Mokhtar";"2948";"HOME APPLIANCES"
"";"ar";"";"";"الاجهزة المنزلية"
"";"en";"EL-Mokhtar";"2949";"HOME APPLIANCES///BUILT IN "
"";"ar";"";"";"الاجهزة المنزلية///بلت ان"
"";"en";"EL-Mokhtar";"2950";"HOME APPLIANCES///BUILT IN "
"";"ar";"";"";"الاجهزة المنزلية///بلت ان"
"";"en";"EL-Mokhtar";"2951";"HOME APPLIANCES"
"";"ar";"";"";"الاجهزة المنزلية"
"";"en";"EL-Mokhtar";"2952";"HOME APPLIANCES///BUILT IN "
"";"ar";"";"";"الاجهزة المنزلية///بلت ان"
"";"en";"EL-Mokhtar";"2953";"HOME APPLIANCES///BUILT IN "
"";"ar";"";"";"الاجهزة المنزلية///بلت ان"
"";"en";"EL-Mokhtar";"2954";"HOME APPLIANCES///BUILT IN "
"";"ar";"";"";"الاجهزة المنزلية///بلت ان"
"";"en";"EL-Mokhtar";"2955";"HOME APPLIANCES///TVs"
"";"ar";"";"";"الاجهزة المنزلية///تليفزيون"
"";"en";"EL-Mokhtar";"2956";"HOME APPLIANCES"
"";"ar";"";"";"الاجهزة المنزلية"
"";"en";"EL-Mokhtar";"2957";"MOBILE & TABLET"
"";"ar";"";"";"موبايلات و تابلت"
"";"en";"EL-Mokhtar";"2958";"SMALL HOME APPLIANCES ///Blenders "
"";"ar";"";"";"اجهزة منزلية صغيرة///خلاطات"
"";"en";"EL-Mokhtar";"2959";"HOME APPLIANCES"
"";"ar";"";"";"الاجهزة المنزلية"
"";"en";"EL-Mokhtar";"2960";"MOBILE & TABLET"
"";"ar";"";"";"موبايلات و تابلت"
"";"en";"EL-Mokhtar";"2961";"MOBILE & TABLET"
"";"ar";"";"";"موبايلات و تابلت""";"en";"EL-Mokhtar";"2962";"Watches & Accessories "
"";"ar";"";"";"ساعات و اكسسوارات"
"";"en";"EL-Mokhtar";"2963";"Watches & Accessories ///watches"
"";"ar";"";"";"ساعات و اكسسوارات///ساعات"
"";"en";"EL-Mokhtar";"2964";"MOBILE & TABLET"
"";"ar";"";"";"موبايلات و تابلت"
"";"en";"EL-Mokhtar";"2965";"MOBILE & TABLET///Mobile devices"
"";"ar";"";"";"موبايلات و تابلت///أجهزة موبايل"
"";"en";"EL-Mokhtar";"2966";"MOBILE & TABLET"
"";"ar";"";"";"موبايلات و تابلت"
"";"en";"EL-Mokhtar";"2967";"MOBILE & TABLET"
"";"ar";"";"";"موبايلات و تابلت"
"";"en";"EL-Mokhtar";"2969";"MOBILE & TABLET"
"";"ar";"";"";"موبايلات و تابلت"
"";"en";"EL-Mokhtar";"2970";"MOBILE & TABLET"
"";"ar";"";"";"موبايلات و تابلت"
"";"en";"EL-Mokhtar";"2971";"MOBILE & TABLET"
"";"ar";"";"";"موبايلات و تابلت"
"";"en";"EL-Mokhtar";"2972";"MOBILE & TABLET"
"";"ar";"";"";"موبايلات و تابلت"
"";"en";"EL-Mokhtar";"2973";"MOBILE & TABLET"
"";"ar";"";"";"موبايلات و تابلت"
"";"en";"EL-Mokhtar";"2974";"MOBILE & TABLET"
"";"ar";"";"";"موبايلات و تابلت"
"";"en";"EL-Mokhtar";"2975";"MOBILE & TABLET"
"";"ar";"";"";"موبايلات و تابلت"
"";"en";"EL-Mokhtar";"2976";"MOBILE & TABLET"
"";"ar";"";"";"موبايلات و تابلت"
"";"en";"EL-Mokhtar";"2977";"MOBILE & TABLET"
"";"ar";"";"";"موبايلات و تابلت""";"en";"EL-Mokhtar";"2979";"HOME APPLIANCES"
"";"ar";"";"";"الاجهزة المنزلية"
"";"en";"EL-Mokhtar";"2980";"SMALL HOME APPLIANCES "
"";"ar";"";"";"اجهزة منزلية صغيرة"
"";"en";"EL-Mokhtar";"2981";"SMALL HOME APPLIANCES ///microwave"
"";"ar";"";"";"اجهزة منزلية صغيرة///ميكروويف"
"";"en";"Digital house";"2982";"MOBILE & TABLET"
"";"ar";"";"";"موبايلات و تابلت"
"";"en";"Digital house";"2984";"MOBILE & TABLET"
"";"ar";"";"";"موبايلات و تابلت"
"";"en";"العالمية ";"2985";"HOME DECORATION"
"";"ar";"";"";"ديكورات منزلية"
"";"en";"العالمية ";"2986";"HOME DECORATION"
"";"ar";"";"";"ديكورات منزلية"
"";"en";"العالمية ";"2987";"HOME DECORATION"
"";"ar";"";"";"ديكورات منزلية"
"";"en";"العالمية ";"2988";"HOME DECORATION"
"";"ar";"";"";"ديكورات منزلية"
"";"en";"العالمية ";"2989";"HOME DECORATION"
"";"ar";"";"";"ديكورات منزلية"
"";"en";"العالمية ";"2990";"HOME DECORATION"
"";"ar";"";"";"ديكورات منزلية"
"";"en";"العالمية ";"2991";"kitchen ware///cookware set"
"";"ar";"";"";"ادوات المطبخ///اواني الطهي "
"";"en";"العالمية ";"2992";"kitchen ware"
"";"ar";"";"";"ادوات المطبخ"
"";"en";"H2";"2994";"Home Supermarket & Groceries"
"";"ar";"";"";"سوبر ماركت البيت (خزين وتوفير)"
"ah-3179rss";"en";"العالمية ";"2995";"kitchen ware"
"";"ar";"";"";"ادوات المطبخ""ah-31939bo";"en";"العالمية ";"2996";"kitchen ware"
"";"ar";"";"";"ادوات المطبخ"
"";"en";"D2";"2997";"MOBILE & TABLET"
"";"ar";"";"";"موبايلات و تابلت"
"";"en";"Nor Elhoda";"2998";"Tools & Equipment"
"";"ar";"";"";"عدد و ادوات"
"";"en";"Nor Elhoda";"2999";"Tools & Equipment"
"";"ar";"";"";"عدد و ادوات"
"";"en";"Nor Elhoda";"3000";"Tools & Equipment"
"";"ar";"";"";"عدد و ادوات"
"";"en";"Nor Elhoda";"3001";"Tools & Equipment"
"";"ar";"";"";"عدد و ادوات"
"";"en";"Nor Elhoda";"3002";"Tools & Equipment"
"";"ar";"";"";"عدد و ادوات"
"";"en";"Nor Elhoda";"3003";"Tools & Equipment"
"";"ar";"";"";"عدد و ادوات"
"";"en";"Nor Elhoda";"3004";"Tools & Equipment"
"";"ar";"";"";"عدد و ادوات"
"";"en";"Nor Elhoda";"3005";"Tools & Equipment"
"";"ar";"";"";"عدد و ادوات"
"";"en";"Nor Elhoda";"3006";"Tools & Equipment"
"";"ar";"";"";"عدد و ادوات"
"";"en";"Nor Elhoda";"3007";"Tools & Equipment"
"";"ar";"";"";"عدد و ادوات"
"";"en";"Nor Elhoda";"3008";"Tools & Equipment"
"";"ar";"";"";"عدد و ادوات"
"";"en";"Nor Elhoda";"3009";"Tools & Equipment"
"";"ar";"";"";"عدد و ادوات"
"";"en";"Nor Elhoda";"3010";"Tools & Equipment"
"";"ar";"";"";"عدد و ادوات""";"en";"Nor Elhoda";"3011";"Tools & Equipment"
"";"ar";"";"";"عدد و ادوات"
"";"en";"Nor Elhoda";"3012";"Tools & Equipment///Equipment"
"";"ar";"";"";"عدد و ادوات///ادوات"
"";"en";"H2";"3013";"HOME APPLIANCES///WASHING MACHINE"
"";"ar";"";"";"الاجهزة المنزلية///غسالات ملابس"
"";"en";"H2";"3014";"HOME APPLIANCES///WASHING MACHINE"
"";"ar";"";"";"الاجهزة المنزلية///غسالات ملابس"
"";"en";"H2";"3015";"HOME APPLIANCES"
"";"ar";"";"";"الاجهزة المنزلية"
"";"en";"H2";"3016";"HOME APPLIANCES///DISH WASHER"
"";"ar";"";"";"الاجهزة المنزلية///غسالات الاطباق"
"";"en";"H2";"3017";"SMALL HOME APPLIANCES "
"";"ar";"";"";"اجهزة منزلية صغيرة"
"";"en";"H2";"3018";"SMALL HOME APPLIANCES "
"";"ar";"";"";"اجهزة منزلية صغيرة"
"";"en";"H2";"3019";"HOME APPLIANCES"
"";"ar";"";"";"الاجهزة المنزلية"
"";"en";"H2";"3020";"HOME APPLIANCES"
"";"ar";"";"";"الاجهزة المنزلية"
"";"en";"H2";"3021";"SMALL HOME APPLIANCES "
"";"ar";"";"";"اجهزة منزلية صغيرة"
"";"en";"H2";"3022";"HOME APPLIANCES"
"";"ar";"";"";"الاجهزة المنزلية"
"";"en";"H2";"3023";"HOME APPLIANCES"
"";"ar";"";"";"الاجهزة المنزلية"
"";"en";"H2";"3024";"HOME APPLIANCES///FRIDGES"
"";"ar";"";"";"الاجهزة المنزلية///ثلاجات"
"";"en";"H2";"3025";"HOME APPLIANCES"
"";"ar";"";"";"الاجهزة المنزلية""";"en";"H2";"3026";"HOME APPLIANCES"
"";"ar";"";"";"الاجهزة المنزلية"
"";"en";"H2";"3027";"HOME APPLIANCES///FRIDGES"
"";"ar";"";"";"الاجهزة المنزلية///ثلاجات"
"";"en";"H2";"3028";"HOME APPLIANCES///FRIDGES"
"";"ar";"";"";"الاجهزة المنزلية///ثلاجات"
"";"en";"H2";"3029";"HOME APPLIANCES///FRIDGES"
"";"ar";"";"";"الاجهزة المنزلية///ثلاجات"
"";"en";"H2";"3030";"HOME APPLIANCES///FRIDGES"
"";"ar";"";"";"الاجهزة المنزلية///ثلاجات"
"";"en";"H2";"3031";"HOME APPLIANCES"
"";"ar";"";"";"الاجهزة المنزلية"
"";"en";"H2";"3032";"HOME APPLIANCES"
"";"ar";"";"";"الاجهزة المنزلية"
"";"en";"H2";"3033";"HOME APPLIANCES"
"";"ar";"";"";"الاجهزة المنزلية"
"";"en";"H2";"3034";"HOME APPLIANCES"
"";"ar";"";"";"الاجهزة المنزلية"
"";"en";"H2";"3035";"HOME APPLIANCES"
"";"ar";"";"";"الاجهزة المنزلية"
"";"en";"H2";"3036";"HOME APPLIANCES"
"";"ar";"";"";"الاجهزة المنزلية"
"";"en";"H2";"3037";"HOME APPLIANCES"
"";"ar";"";"";"الاجهزة المنزلية"
"";"en";"H2";"3038";"HOME APPLIANCES"
"";"ar";"";"";"الاجهزة المنزلية"
"";"en";"H2";"3039";"HOME APPLIANCES"
"";"ar";"";"";"الاجهزة المنزلية"
"";"en";"H2";"3040";"HOME APPLIANCES///FRIDGES"
"";"ar";"";"";"الاجهزة المنزلية///ثلاجات""";"en";"H2";"3041";"HOME APPLIANCES"
"";"ar";"";"";"الاجهزة المنزلية"
"";"en";"H2";"3042";"HOME APPLIANCES"
"";"ar";"";"";"الاجهزة المنزلية"
"";"en";"H2";"3043";"HOME APPLIANCES///FRIDGES"
"";"ar";"";"";"الاجهزة المنزلية///ثلاجات"
"";"en";"H2";"3044";"HOME APPLIANCES///FRIDGES"
"";"ar";"";"";"الاجهزة المنزلية///ثلاجات"
"";"en";"H2";"3045";"HOME APPLIANCES///FRIDGES"
"";"ar";"";"";"الاجهزة المنزلية///ثلاجات"
"";"en";"H2";"3046";"HOME APPLIANCES"
"";"ar";"";"";"الاجهزة المنزلية"
"";"en";"H2";"3047";"HOME APPLIANCES///FRIDGES"
"";"ar";"";"";"الاجهزة المنزلية///ثلاجات"
"";"en";"H2";"3048";"HOME APPLIANCES///FRIDGES"
"";"ar";"";"";"الاجهزة المنزلية///ثلاجات"
"";"en";"H2";"3049";"HOME APPLIANCES"
"";"ar";"";"";"الاجهزة المنزلية"
"";"en";"H2";"3050";"HOME APPLIANCES///FRIDGES"
"";"ar";"";"";"الاجهزة المنزلية///ثلاجات"
"";"en";"H2";"3051";"HOME APPLIANCES"
"";"ar";"";"";"الاجهزة المنزلية"
"";"en";"H2";"3052";"HOME APPLIANCES"
"";"ar";"";"";"الاجهزة المنزلية"
"";"en";"H2";"3053";"HOME APPLIANCES"
"";"ar";"";"";"الاجهزة المنزلية"
"";"en";"H2";"3054";"HOME APPLIANCES///FRIDGES"
"";"ar";"";"";"الاجهزة المنزلية///ثلاجات"
"";"en";"H2";"3055";"HOME APPLIANCES///FRIDGES"
"";"ar";"";"";"الاجهزة المنزلية///ثلاجات""";"en";"H2";"3056";"HOME APPLIANCES"
"";"ar";"";"";"الاجهزة المنزلية"
"";"en";"H2";"3057";"HOME APPLIANCES///FRIDGES"
"";"ar";"";"";"الاجهزة المنزلية///ثلاجات"
"";"en";"H2";"3058";"HOME APPLIANCES///FRIDGES"
"";"ar";"";"";"الاجهزة المنزلية///ثلاجات"
"";"en";"H2";"3059";"HOME APPLIANCES///WASHING MACHINE"
"";"ar";"";"";"الاجهزة المنزلية///غسالات ملابس"
"";"en";"H2";"3060";"HOME APPLIANCES"
"";"ar";"";"";"الاجهزة المنزلية"
"";"en";"H2";"3061";"HOME APPLIANCES///WASHING MACHINE"
"";"ar";"";"";"الاجهزة المنزلية///غسالات ملابس"
"";"en";"H2";"3062";"HOME APPLIANCES"
"";"ar";"";"";"الاجهزة المنزلية"
"";"en";"H2";"3063";"HOME APPLIANCES///WASHING MACHINE"
"";"ar";"";"";"الاجهزة المنزلية///غسالات ملابس"
"";"en";"H2";"3064";"HOME APPLIANCES///WASHING MACHINE"
"";"ar";"";"";"الاجهزة المنزلية///غسالات ملابس"
"";"en";"H2";"3065";"HOME APPLIANCES///WASHING MACHINE"
"";"ar";"";"";"الاجهزة المنزلية///غسالات ملابس"
"";"en";"H2";"3066";"HOME APPLIANCES///WASHING MACHINE"
"";"ar";"";"";"الاجهزة المنزلية///غسالات ملابس"
"";"en";"H2";"3067";"HOME APPLIANCES///WASHING MACHINE"
"";"ar";"";"";"الاجهزة المنزلية///غسالات ملابس"
"";"en";"H2";"3068";"HOME APPLIANCES///WASHING MACHINE"
"";"ar";"";"";"الاجهزة المنزلية///غسالات ملابس"
"";"en";"H2";"3069";"HOME APPLIANCES///WASHING MACHINE"
"";"ar";"";"";"الاجهزة المنزلية///غسالات ملابس"
"";"en";"H2";"3070";"HOME APPLIANCES///WASHING MACHINE"
"";"ar";"";"";"الاجهزة المنزلية///غسالات ملابس""";"en";"H2";"3071";"HOME APPLIANCES///DISH WASHER"
"";"ar";"";"";"الاجهزة المنزلية///غسالات الاطباق"
"";"en";"H2";"3072";"SMALL HOME APPLIANCES ///Fans"
"";"ar";"";"";"اجهزة منزلية صغيرة///مراوح"
"";"en";"H2";"3073";"SMALL HOME APPLIANCES ///Fans"
"";"ar";"";"";"اجهزة منزلية صغيرة///مراوح"
"";"en";"H2";"3074";"SMALL HOME APPLIANCES ///Fans"
"";"ar";"";"";"اجهزة منزلية صغيرة///مراوح"
"";"en";"H2";"3075";"HOME APPLIANCES"
"";"ar";"";"";"الاجهزة المنزلية"
"";"en";"H2";"3076";"HOME APPLIANCES///FRIDGES"
"";"ar";"";"";"الاجهزة المنزلية///ثلاجات"
"";"en";"H2";"3077";"HOME APPLIANCES///FRIDGES"
"";"ar";"";"";"الاجهزة المنزلية///ثلاجات"
"";"en";"H2";"3078";"HOME APPLIANCES///FRIDGES"
"";"ar";"";"";"الاجهزة المنزلية///ثلاجات"
"";"en";"H2";"3079";"HOME APPLIANCES"
"";"ar";"";"";"الاجهزة المنزلية"
"";"en";"H2";"3080";"HOME APPLIANCES///FRIDGES"
"";"ar";"";"";"الاجهزة المنزلية///ثلاجات"
"";"en";"H2";"3081";"HOME APPLIANCES"
"";"ar";"";"";"الاجهزة المنزلية"
"";"en";"H2";"3082";"HOME APPLIANCES"
"";"ar";"";"";"الاجهزة المنزلية"
"";"en";"H2";"3083";"HOME APPLIANCES"
"";"ar";"";"";"الاجهزة المنزلية"
"";"en";"H2";"3084";"HOME APPLIANCES///COOKERS"
"";"ar";"";"";"الاجهزة المنزلية///بوتاجازات"
"";"en";"H2";"3085";"HOME APPLIANCES///COOKERS"
"";"ar";"";"";"الاجهزة المنزلية///بوتاجازات""";"en";"H2";"3086";"HOME APPLIANCES///COOKERS"
"";"ar";"";"";"الاجهزة المنزلية///بوتاجازات"
"";"en";"H2";"3087";"HOME APPLIANCES///COOKERS"
"";"ar";"";"";"الاجهزة المنزلية///بوتاجازات"
"";"en";"H2";"3088";"HOME APPLIANCES"
"";"ar";"";"";"الاجهزة المنزلية"
"";"en";"H2";"3089";"HOME APPLIANCES"
"";"ar";"";"";"الاجهزة المنزلية"
"";"en";"H2";"3090";"SMALL HOME APPLIANCES "
"";"ar";"";"";"اجهزة منزلية صغيرة"
"";"en";"H2";"3091";"SMALL HOME APPLIANCES ///coffee makers"
"";"ar";"";"";"اجهزة منزلية صغيرة///ماكينات قهوة"
"";"en";"H2";"3092";"SMALL HOME APPLIANCES "
"";"ar";"";"";"اجهزة منزلية صغيرة"
"";"en";"H2";"3093";"SMALL HOME APPLIANCES ///coffee makers"
"";"ar";"";"";"اجهزة منزلية صغيرة///ماكينات قهوة"
"";"en";"H2";"3094";"SMALL HOME APPLIANCES ///coffee makers"
"";"ar";"";"";"اجهزة منزلية صغيرة///ماكينات قهوة"
"";"en";"H2";"3095";"SMALL HOME APPLIANCES "
"";"ar";"";"";"اجهزة منزلية صغيرة"
"";"en";"H2";"3096";"HOME APPLIANCES///FRIDGES"
"";"ar";"";"";"الاجهزة المنزلية///ثلاجات"
"";"en";"H2";"3097";"HOME APPLIANCES"
"";"ar";"";"";"الاجهزة المنزلية"
"";"en";"H2";"3098";"HOME APPLIANCES"
"";"ar";"";"";"الاجهزة المنزلية"
"";"en";"H2";"3099";"HOME APPLIANCES"
"";"ar";"";"";"الاجهزة المنزلية"
"";"en";"H2";"3100";"HOME APPLIANCES///FRIDGES"
"";"ar";"";"";"الاجهزة المنزلية///ثلاجات""";"en";"H2";"3101";"HOME APPLIANCES"
"";"ar";"";"";"الاجهزة المنزلية"
"";"en";"H2";"3102";"HOME APPLIANCES"
"";"ar";"";"";"الاجهزة المنزلية"
"";"en";"H2";"3103";"HOME APPLIANCES"
"";"ar";"";"";"الاجهزة المنزلية"
"";"en";"H2";"3104";"HOME APPLIANCES///FRIDGES"
"";"ar";"";"";"الاجهزة المنزلية///ثلاجات"
"";"en";"H2";"3105";"HOME APPLIANCES"
"";"ar";"";"";"الاجهزة المنزلية"
"";"en";"H2";"3106";"HOME APPLIANCES"
"";"ar";"";"";"الاجهزة المنزلية"
"";"en";"H2";"3107";"HOME APPLIANCES"
"";"ar";"";"";"الاجهزة المنزلية"
"";"en";"H2";"3108";"HOME APPLIANCES"
"";"ar";"";"";"الاجهزة المنزلية"
"";"en";"H2";"3109";"HOME APPLIANCES"
"";"ar";"";"";"الاجهزة المنزلية"
"";"en";"H2";"3110";"HOME APPLIANCES"
"";"ar";"";"";"الاجهزة المنزلية"
"";"en";"H2";"3111";"HOME APPLIANCES"
"";"ar";"";"";"الاجهزة المنزلية"
"";"en";"H2";"3112";"HOME APPLIANCES"
"";"ar";"";"";"الاجهزة المنزلية"
"";"en";"H2";"3113";"HOME APPLIANCES"
"";"ar";"";"";"الاجهزة المنزلية"
"";"en";"H2";"3114";"HOME APPLIANCES"
"";"ar";"";"";"الاجهزة المنزلية"
"";"en";"H2";"3115";"HOME APPLIANCES"
"";"ar";"";"";"الاجهزة المنزلية""";"en";"H2";"3116";"HOME APPLIANCES"
"";"ar";"";"";"الاجهزة المنزلية"
"";"en";"H2";"3117";"HOME APPLIANCES///FRIDGES"
"";"ar";"";"";"الاجهزة المنزلية///ثلاجات"
"";"en";"H2";"3118";"HOME APPLIANCES///FRIDGES"
"";"ar";"";"";"الاجهزة المنزلية///ثلاجات"
"";"en";"H2";"3119";"HOME APPLIANCES///deep freezer"
"";"ar";"";"";"الاجهزة المنزلية///ديب فريزر"
"";"en";"H2";"3120";"HOME APPLIANCES///deep freezer"
"";"ar";"";"";"الاجهزة المنزلية///ديب فريزر"
"";"en";"H2";"3121";"HOME APPLIANCES"
"";"ar";"";"";"الاجهزة المنزلية"
"";"en";"H2";"3122";"HOME APPLIANCES///deep freezer"
"";"ar";"";"";"الاجهزة المنزلية///ديب فريزر"
"";"en";"H2";"3123";"HOME APPLIANCES"
"";"ar";"";"";"الاجهزة المنزلية"
"";"en";"H2";"3124";"HOME APPLIANCES///deep freezer"
"";"ar";"";"";"الاجهزة المنزلية///ديب فريزر"
"";"en";"H2";"3125";"HOME APPLIANCES///deep freezer"
"";"ar";"";"";"الاجهزة المنزلية///ديب فريزر"
"";"en";"H2";"3126";"HOME APPLIANCES///deep freezer"
"";"ar";"";"";"الاجهزة المنزلية///ديب فريزر"
"";"en";"H2";"3127";"HOME APPLIANCES"
"";"ar";"";"";"الاجهزة المنزلية"
"";"en";"H2";"3128";"HOME APPLIANCES///deep freezer"
"";"ar";"";"";"الاجهزة المنزلية///ديب فريزر"
"";"en";"H2";"3129";"HOME APPLIANCES///deep freezer"
"";"ar";"";"";"الاجهزة المنزلية///ديب فريزر"
"";"en";"H2";"3130";"HOME APPLIANCES///deep freezer"
"";"ar";"";"";"الاجهزة المنزلية///ديب فريزر""";"en";"H2";"3131";"HOME APPLIANCES///deep freezer"
"";"ar";"";"";"الاجهزة المنزلية///ديب فريزر"
"";"en";"H2";"3132";"HOME APPLIANCES///deep freezer"
"";"ar";"";"";"الاجهزة المنزلية///ديب فريزر"
"";"en";"H2";"3133";"HOME APPLIANCES"
"";"ar";"";"";"الاجهزة المنزلية"
"";"en";"H2";"3134";"HOME APPLIANCES"
"";"ar";"";"";"الاجهزة المنزلية"
"";"en";"H2";"3135";"HOME APPLIANCES"
"";"ar";"";"";"الاجهزة المنزلية"
"";"en";"H2";"3136";"HOME APPLIANCES"
"";"ar";"";"";"الاجهزة المنزلية"
"";"en";"H2";"3137";"HOME APPLIANCES"
"";"ar";"";"";"الاجهزة المنزلية"
"";"en";"H2";"3138";"HOME APPLIANCES"
"";"ar";"";"";"الاجهزة المنزلية"
"";"en";"H2";"3139";"HOME APPLIANCES"
"";"ar";"";"";"الاجهزة المنزلية"
"";"en";"H2";"3140";"HOME APPLIANCES"
"";"ar";"";"";"الاجهزة المنزلية"
"";"en";"H2";"3141";"HOME APPLIANCES///DISH WASHER"
"";"ar";"";"";"الاجهزة المنزلية///غسالات الاطباق"
"";"en";"H2";"3142";"HOME APPLIANCES///DISH WASHER"
"";"ar";"";"";"الاجهزة المنزلية///غسالات الاطباق"
"";"en";"H2";"3143";"HOME APPLIANCES///DISH WASHER"
"";"ar";"";"";"الاجهزة المنزلية///غسالات الاطباق"
"";"en";"H2";"3144";"HOME APPLIANCES///DISH WASHER"
"";"ar";"";"";"الاجهزة المنزلية///غسالات الاطباق"
"";"en";"H2";"3145";"HOME APPLIANCES"
"";"ar";"";"";"الاجهزة المنزلية""";"en";"H2";"3146";"HOME APPLIANCES///DISH WASHER"
"";"ar";"";"";"الاجهزة المنزلية///غسالات الاطباق"
"";"en";"H2";"3147";"HOME APPLIANCES"
"";"ar";"";"";"الاجهزة المنزلية"
"";"en";"H2";"3148";"HOME APPLIANCES"
"";"ar";"";"";"الاجهزة المنزلية"
"";"en";"H2";"3149";"HOME APPLIANCES"
"";"ar";"";"";"الاجهزة المنزلية"
"";"en";"al haramain";"3150";"HOME APPLIANCES"
"";"ar";"";"";"الاجهزة المنزلية"
"";"en";"H2";"3151";"SMALL HOME APPLIANCES ///Kitchen machine"
"";"ar";"";"";"اجهزة منزلية صغيرة///محضرات طعام"
"";"en";"al haramain";"3152";"HOME APPLIANCES"
"";"ar";"";"";"الاجهزة المنزلية"
"";"en";"al haramain";"3153";"HOME APPLIANCES"
"";"ar";"";"";"الاجهزة المنزلية"
"";"en";"al haramain";"3154";"HOME APPLIANCES///COOKERS"
"";"ar";"";"";"الاجهزة المنزلية///بوتاجازات"
"";"en";"al haramain";"3155";"HOME APPLIANCES///FRIDGES"
"";"ar";"";"";"الاجهزة المنزلية///ثلاجات"
"";"en";"al haramain";"3156";"HOME APPLIANCES"
"";"ar";"";"";"الاجهزة المنزلية"
"";"en";"al haramain";"3157";"HOME APPLIANCES///FRIDGES"
"";"ar";"";"";"الاجهزة المنزلية///ثلاجات"
"";"en";"H2";"3158";"SMALL HOME APPLIANCES "
"";"ar";"";"";"اجهزة منزلية صغيرة"
"";"en";"al haramain";"3159";"HOME APPLIANCES"
"";"ar";"";"";"الاجهزة المنزلية"
"";"en";"H2";"3160";"SMALL HOME APPLIANCES "
"";"ar";"";"";"اجهزة منزلية صغيرة""";"en";"H2";"3161";"SMALL HOME APPLIANCES ///microwave"
"";"ar";"";"";"اجهزة منزلية صغيرة///ميكروويف"
"";"en";"al haramain";"3162";"HOME APPLIANCES"
"";"ar";"";"";"الاجهزة المنزلية"
"";"en";"al haramain";"3163";"HOME APPLIANCES"
"";"ar";"";"";"الاجهزة المنزلية"
"";"en";"al haramain";"3164";"SMALL HOME APPLIANCES "
"";"ar";"";"";"اجهزة منزلية صغيرة"
"";"en";"al haramain";"3165";"SMALL HOME APPLIANCES "
"";"ar";"";"";"اجهزة منزلية صغيرة"
"";"en";"al haramain";"3166";"SMALL HOME APPLIANCES ///coffee makers"
"";"ar";"";"";"اجهزة منزلية صغيرة///ماكينات قهوة"
"";"en";"al haramain";"3167";"SMALL HOME APPLIANCES "
"";"ar";"";"";"اجهزة منزلية صغيرة"
"";"en";"al haramain";"3168";"HOME APPLIANCES///COOKERS"
"";"ar";"";"";"الاجهزة المنزلية///بوتاجازات"
"";"en";"al haramain";"3169";"SMALL HOME APPLIANCES "
"";"ar";"";"";"اجهزة منزلية صغيرة"
"";"en";"al haramain";"3170";"SMALL HOME APPLIANCES "
"";"ar";"";"";"اجهزة منزلية صغيرة"
"";"en";"al haramain";"3171";"HOME APPLIANCES"
"";"ar";"";"";"الاجهزة المنزلية"
"";"en";"al haramain";"3172";"SMALL HOME APPLIANCES "
"";"ar";"";"";"اجهزة منزلية صغيرة"
"";"en";"al haramain";"3173";"HOME APPLIANCES"
"";"ar";"";"";"الاجهزة المنزلية"
"";"en";"al haramain";"3174";"HOME APPLIANCES///FRIDGES"
"";"ar";"";"";"الاجهزة المنزلية///ثلاجات"
"";"en";"al haramain";"3175";"HOME APPLIANCES///FRIDGES"
"";"ar";"";"";"الاجهزة المنزلية///ثلاجات""";"en";"al haramain";"3176";"HOME APPLIANCES"
"";"ar";"";"";"الاجهزة المنزلية"
"";"en";"al haramain";"3177";"HOME APPLIANCES"
"";"ar";"";"";"الاجهزة المنزلية"
"";"en";"al haramain";"3178";"HOME APPLIANCES///Gas Water Heater"
"";"ar";"";"";"الاجهزة المنزلية///سخانات غاز"
"";"en";"al haramain";"3179";"HOME APPLIANCES"
"";"ar";"";"";"الاجهزة المنزلية"
"";"en";"al haramain";"3180";"HOME APPLIANCES"
"";"ar";"";"";"الاجهزة المنزلية"
"";"en";"al haramain";"3181";"HOME APPLIANCES"
"";"ar";"";"";"الاجهزة المنزلية"
"";"en";"al haramain";"3182";"HOME APPLIANCES///Ventilating fan"
"";"ar";"";"";"الاجهزة المنزلية///شفاطات"
"";"en";"al haramain";"3183";"HOME APPLIANCES"
"";"ar";"";"";"الاجهزة المنزلية"
"";"en";"al haramain";"3184";"HOME APPLIANCES///FRIDGES"
"";"ar";"";"";"الاجهزة المنزلية///ثلاجات"
"";"en";"al haramain";"3185";"HOME APPLIANCES///WASHING MACHINE"
"";"ar";"";"";"الاجهزة المنزلية///غسالات ملابس"
"";"en";"al haramain";"3186";"HOME APPLIANCES///COOKERS"
"";"ar";"";"";"الاجهزة المنزلية///بوتاجازات"
"";"en";"al haramain";"3187";"HOME APPLIANCES///WASHING MACHINE"
"";"ar";"";"";"الاجهزة المنزلية///غسالات ملابس"
"";"en";"al haramain";"3188";"HOME APPLIANCES///Electric Water Heater"
"";"ar";"";"";"الاجهزة المنزلية///سخانات كهربائية"
"";"en";"al haramain";"3189";"HOME APPLIANCES"
"";"ar";"";"";"الاجهزة المنزلية"
"";"en";"al haramain";"3190";"HOME APPLIANCES"
"";"ar";"";"";"الاجهزة المنزلية""";"en";"al haramain";"3191";"HOME APPLIANCES"
"";"ar";"";"";"الاجهزة المنزلية"
"";"en";"al haramain";"3192";"HOME APPLIANCES"
"";"ar";"";"";"الاجهزة المنزلية"
"";"en";"al haramain";"3193";"HOME APPLIANCES"
"";"ar";"";"";"الاجهزة المنزلية"
"";"en";"al haramain";"3194";"HOME APPLIANCES///FRIDGES"
"";"ar";"";"";"الاجهزة المنزلية///ثلاجات"
"";"en";"al haramain";"3195";"HOME APPLIANCES///WASHING MACHINE"
"";"ar";"";"";"الاجهزة المنزلية///غسالات ملابس"
"";"en";"al haramain";"3196";"HOME APPLIANCES///AIR CONDITIONER"
"";"ar";"";"";"الاجهزة المنزلية///مكيفات هواء"
"";"en";"al haramain";"3197";"HOME APPLIANCES///COOKERS"
"";"ar";"";"";"الاجهزة المنزلية///بوتاجازات"
"";"en";"al haramain";"3198";"HOME APPLIANCES///WASHING MACHINE"
"";"ar";"";"";"الاجهزة المنزلية///غسالات ملابس"
"";"en";"al haramain";"3199";"HOME APPLIANCES"
"";"ar";"";"";"الاجهزة المنزلية"
"";"en";"al haramain";"3200";"SMALL HOME APPLIANCES ///Kitchen machine"
"";"ar";"";"";"اجهزة منزلية صغيرة///محضرات طعام"
"";"en";"al haramain";"3201";"HOME APPLIANCES"
"";"ar";"";"";"الاجهزة المنزلية"
"";"en";"al haramain";"3202";"HOME APPLIANCES"
"";"ar";"";"";"الاجهزة المنزلية"
"";"en";"al haramain";"3203";"HOME APPLIANCES///Electric Water Heater"
"";"ar";"";"";"الاجهزة المنزلية///سخانات كهربائية"
"";"en";"al haramain";"3204";"HOME APPLIANCES///WASHING MACHINE"
"";"ar";"";"";"الاجهزة المنزلية///غسالات ملابس"
"";"en";"al haramain";"3205";"HOME APPLIANCES///WASHING MACHINE"
"";"ar";"";"";"الاجهزة المنزلية///غسالات ملابس""";"en";"al haramain";"3206";"HOME APPLIANCES///WASHING MACHINE"
"";"ar";"";"";"الاجهزة المنزلية///غسالات ملابس"
"";"en";"al haramain";"3207";"HOME APPLIANCES"
"";"ar";"";"";"الاجهزة المنزلية"
"";"en";"al haramain";"3208";"HOME APPLIANCES///COOKERS"
"";"ar";"";"";"الاجهزة المنزلية///بوتاجازات"
"";"en";"al haramain";"3209";"HOME APPLIANCES"
"";"ar";"";"";"الاجهزة المنزلية"
"";"en";"al haramain";"3210";"HOME APPLIANCES///WASHING MACHINE"
"";"ar";"";"";"الاجهزة المنزلية///غسالات ملابس"
"";"en";"al haramain";"3211";"SMALL HOME APPLIANCES ///microwave"
"";"ar";"";"";"اجهزة منزلية صغيرة///ميكروويف"
"";"en";"al haramain";"3212";"HOME APPLIANCES"
"";"ar";"";"";"الاجهزة المنزلية"
"";"en";"al haramain";"3213";"HOME APPLIANCES"
"";"ar";"";"";"الاجهزة المنزلية"
"";"en";"al haramain";"3214";"SMALL HOME APPLIANCES ///Kitchen machine"
"";"ar";"";"";"اجهزة منزلية صغيرة///محضرات طعام"
"";"en";"al haramain";"3215";"HOME APPLIANCES"
"";"ar";"";"";"الاجهزة المنزلية"
"";"en";"al haramain";"3216";"SMALL HOME APPLIANCES ///Kitchen machine"
"";"ar";"";"";"اجهزة منزلية صغيرة///محضرات طعام"
"";"en";"al haramain";"3217";"HOME APPLIANCES"
"";"ar";"";"";"الاجهزة المنزلية"
"";"en";"D2";"3218";"HOME APPLIANCES///COOKERS"
"";"ar";"";"";"الاجهزة المنزلية///بوتاجازات"
"";"en";"D2";"3219";"HOME APPLIANCES"
"";"ar";"";"";"الاجهزة المنزلية"
"";"en";"D2";"3220";"HOME APPLIANCES"
"";"ar";"";"";"الاجهزة المنزلية""";"en";"D2";"3221";"HOME APPLIANCES///TVs"
"";"ar";"";"";"الاجهزة المنزلية///تليفزيون"
"";"en";"D2";"3222";"SMALL HOME APPLIANCES "
"";"ar";"";"";"اجهزة منزلية صغيرة"
"";"en";"Rooka shop";"3223";"HOME APPLIANCES///FRIDGES"
"";"ar";"";"";"الاجهزة المنزلية///ثلاجات"
"";"en";"D2";"3224";"HOME APPLIANCES///DISH WASHER"
"";"ar";"";"";"الاجهزة المنزلية///غسالات الاطباق"
"";"en";"Mobiz";"3225";"SMALL HOME APPLIANCES "
"";"ar";"";"";"اجهزة منزلية صغيرة"
"";"en";"EL-Mokhtar";"3226";"HOME APPLIANCES"
"";"ar";"";"";"الاجهزة المنزلية"
"";"en";"EL-Mokhtar";"3227";"HOME APPLIANCES"
"";"ar";"";"";"الاجهزة المنزلية"
"AW-M801APEG(SG)";"en";"H2";"3228";"HOME APPLIANCES"
"";"ar";"";"";"الاجهزة المنزلية"
"AW-J800AUPEG(SK)";"en";"H2";"3229";"HOME APPLIANCES///WASHING MACHINE"
"";"ar";"";"";"الاجهزة المنزلية///غسالات ملابس"
"AW-J900DUPEG(SK)";"en";"H2";"3230";"HOME APPLIANCES///WASHING MACHINE"
"";"ar";"";"";"الاجهزة المنزلية///غسالات ملابس"
"AW-J900DUPEG(SK)";"en";"H2";"3231";"HOME APPLIANCES///WASHING MACHINE"
"";"ar";"";"";"الاجهزة المنزلية///غسالات ملابس"
"";"en";"H2";"3232";"HOME APPLIANCES///WASHING MACHINE"
"";"ar";"";"";"الاجهزة المنزلية///غسالات ملابس"
"AW-UK1100HUPEG(SK)";"en";"H2";"3233";"HOME APPLIANCES///WASHING MACHINE"
"";"ar";"";"";"الاجهزة المنزلية///غسالات ملابس"
"";"en";"H2";"3236";"HOME APPLIANCES///TVs"
"";"ar";"";"";"الاجهزة المنزلية///تليفزيون"
"";"en";"H2";"3238";"HOME APPLIANCES///FRIDGES"
"";"ar";"";"";"الاجهزة المنزلية///ثلاجات""SK-7033";"en";"H2";"3239";"SMALL HOME APPLIANCES ///Blenders "
"";"ar";"";"";"اجهزة منزلية صغيرة///خلاطات"
"SK-7088A";"en";"H2";"3240";"SMALL HOME APPLIANCES ///Choppers"
"";"ar";"";"";"اجهزة منزلية صغيرة///مطحنة"
"SK-7015A";"en";"H2";"3241";"SMALL HOME APPLIANCES ///Choppers"
"";"ar";"";"";"اجهزة منزلية صغيرة///مطحنة"
"SK-7077N";"en";"H2";"3242";"SMALL HOME APPLIANCES ///Choppers"
"";"ar";"";"";"اجهزة منزلية صغيرة///مطحنة"
"SK-7011N";"en";"H2";"3243";"SMALL HOME APPLIANCES ///Choppers"
"";"ar";"";"";"اجهزة منزلية صغيرة///مطحنة"
"SK‑7027N";"en";"H2";"3244";"SMALL HOME APPLIANCES ///Choppers"
"";"ar";"";"";"اجهزة منزلية صغيرة///مطحنة"
"SK‑7027N";"en";"H2";"3245";"SMALL HOME APPLIANCES ///Choppers"
"";"ar";"";"";"اجهزة منزلية صغيرة///مطحنة"
"SK-7028N ";"en";"H2";"3246";"SMALL HOME APPLIANCES ///Choppers"
"";"ar";"";"";"اجهزة منزلية صغيرة///مطحنة"
"SK-666666B";"en";"H2";"3247";"SMALL HOME APPLIANCES ///Choppers"
"";"ar";"";"";"اجهزة منزلية صغيرة///مطحنة"
"SK-7020N";"en";"H2";"3248";"SMALL HOME APPLIANCES ///Choppers"
"";"ar";"";"";"اجهزة منزلية صغيرة///مطحنة"
"SK-06028N";"en";"H2";"3249";"SMALL HOME APPLIANCES ///Choppers"
"";"ar";"";"";"اجهزة منزلية صغيرة///مطحنة"
"SK-7006N";"en";"H2";"3250";"SMALL HOME APPLIANCES ///Choppers"
"";"ar";"";"";"اجهزة منزلية صغيرة///مطحنة"
"SK-999N";"en";"H2";"3251";"SMALL HOME APPLIANCES ///Blenders "
"";"ar";"";"";"اجهزة منزلية صغيرة///خلاطات"
"SK‑3333N";"en";"H2";"3252";"SMALL HOME APPLIANCES ///Blenders "
"";"ar";"";"";"اجهزة منزلية صغيرة///خلاطات"
"SK-444";"en";"H2";"3253";"SMALL HOME APPLIANCES ///Blenders "
"";"ar";"";"";"اجهزة منزلية صغيرة///خلاطات""SK-03032";"en";"H2";"3254";"SMALL HOME APPLIANCES ///Blenders "
"";"ar";"";"";"اجهزة منزلية صغيرة///خلاطات"
"SK-03067";"en";"H2";"3255";"SMALL HOME APPLIANCES ///Blenders "
"";"ar";"";"";"اجهزة منزلية صغيرة///خلاطات"
"SK-178N";"en";"H2";"3256";"SMALL HOME APPLIANCES ///Blenders "
"";"ar";"";"";"اجهزة منزلية صغيرة///خلاطات"
"SK-03063";"en";"H2";"3257";"SMALL HOME APPLIANCES ///Blenders "
"";"ar";"";"";"اجهزة منزلية صغيرة///خلاطات"
"SK-03024";"en";"H2";"3258";"SMALL HOME APPLIANCES ///Blenders "
"";"ar";"";"";"اجهزة منزلية صغيرة///خلاطات"
"123";"en";"Helaly";"3312";"Test"
"";"ar";"";"";"تيست"